start,end,score
00:00:01,00:00:03,0.004,Invalid
00:00:04,00:00:06,0.02,Invalid
00:00:07,00:00:09,0.008,Invalid
00:00:10,00:00:12,0.059,Invalid
00:00:13,00:00:15,0.004,Invalid
00:00:16,00:00:18,0.043,Noise
00:00:19,00:00:21,0.082,Noise
00:00:23,00:00:25,0.301,Noise
00:00:26,00:00:28,0.559,Noise
00:00:29,00:00:31,0.039,Noise
00:00:32,00:00:34,0.059,Noise
00:00:35,00:00:37,0.746,Noise
00:00:38,00:00:40,0.008,Noise
00:00:41,00:00:43,0.156,Noise
00:00:44,00:00:46,0.047,Noise
00:00:47,00:00:49,0.055,Noise
00:00:50,00:00:52,0.004,Noise
00:00:53,00:00:55,0.082,Noise
00:00:56,00:00:58,0.008,Noise
00:00:59,00:01:01,0.004,Noise
00:01:02,00:01:04,0.004,Noise
00:01:06,00:01:08,0.02,Noise
00:01:09,00:01:11,0.129,Noise
00:01:12,00:01:14,0.047,Noise
00:01:15,00:01:17,0.355,Noise
00:01:18,00:01:20,0.211,Noise
00:01:21,00:01:23,0.012,Noise
00:01:24,00:01:26,0.004,Noise
00:01:27,00:01:29,0.141,Noise
00:01:30,00:01:32,0.004,Noise
00:01:33,00:01:35,0.082,Noise
00:01:36,00:01:38,0.074,Noise
00:01:39,00:01:41,0.016,Noise
00:01:42,00:01:44,0.094,Noise
00:01:45,00:01:47,0.02,Noise
00:01:49,00:01:51,0.004,Noise
00:01:52,00:01:54,0.012,Noise
00:01:55,00:01:57,0.004,Noise
00:01:58,00:02:00,0.004,Noise
00:02:01,00:02:03,0.004,Noise
00:02:04,00:02:06,0.004,Noise
00:02:07,00:02:09,0.004,Noise
00:02:10,00:02:12,0.012,Noise
00:02:13,00:02:15,0.02,Noise
00:02:16,00:02:18,0.156,LNT
00:02:19,00:02:21,0.102,LNT
00:02:22,00:02:24,0.113,LNT
00:02:25,00:02:27,0.301,LNT
00:02:28,00:02:31,0.441,LNT
00:02:32,00:02:34,0.672,LNT
00:02:35,00:02:37,0.469,LNT
00:02:38,00:02:40,0.172,LNT
00:02:41,00:02:43,0.172,LNT
00:02:44,00:02:46,0.355,LNT
00:02:47,00:02:49,0.41,LNT
00:02:50,00:02:52,0.469,LNT
00:02:53,00:02:55,0.469,LNT
00:02:56,00:02:58,0.355,LNT
00:02:59,00:03:01,0.23,LNT
00:03:02,00:03:04,0.191,LNT
00:03:05,00:03:07,0.531,LNT
00:03:08,00:03:10,0.211,LNT
00:03:12,00:03:14,0.945,LNT
00:03:15,00:03:17,0.59,LNT
00:03:18,00:03:20,0.355,LNT
00:03:21,00:03:23,0.113,LNT
00:03:24,00:03:26,0.016,LNT
00:03:27,00:03:29,0.355,LNT
00:03:30,00:03:32,0.277,LNT
00:03:33,00:03:35,0.531,LNT
00:03:36,00:03:38,0.277,LNT
00:03:39,00:03:41,0.141,LNT
00:03:42,00:03:44,0.156,LNT
00:03:45,00:03:47,0.559,LNT
00:03:48,00:03:50,0.254,LNT
00:03:51,00:03:53,0.645,LNT
00:03:55,00:03:57,0.254,LNT
00:03:58,00:04:00,0.383,LNT
00:04:01,00:04:03,0.328,LNT
00:04:04,00:04:06,0,LNT
00:04:07,00:04:09,0.789,LNT
00:04:10,00:04:12,0.141,LNT
00:04:13,00:04:15,0.559,LNT
00:04:16,00:04:18,0.41,Noise
00:04:19,00:04:21,0.301,Noise
00:04:22,00:04:24,0.961,Noise
00:04:25,00:04:27,0.699,Noise
00:04:28,00:04:30,0.301,Noise
00:04:31,00:04:33,0.469,Noise
00:04:34,00:04:36,0.559,Noise
00:04:38,00:04:40,0.211,Noise
00:04:41,00:04:43,0.59,Noise
00:04:44,00:04:46,0.871,Noise
00:04:47,00:04:49,0.809,Noise
00:04:50,00:04:52,0.559,Noise
00:04:53,00:04:55,0.617,Noise
00:04:56,00:04:58,0.004,Noise
00:04:59,00:05:01,0.191,Noise
00:05:02,00:05:04,0.055,Noise
00:05:05,00:05:07,0.918,Noise
00:05:08,00:05:10,0.023,Noise
00:05:11,00:05:13,0.004,Noise
00:05:14,00:05:16,0.828,Noise
00:05:17,00:05:19,0.211,Noise
00:05:21,00:05:23,0.746,Noise
00:05:24,00:05:26,0.809,Noise
00:05:27,00:05:29,0.844,Noise
00:05:30,00:05:32,0.906,Noise
00:05:33,00:05:35,0.645,Noise
00:05:36,00:05:38,0.129,Noise
00:05:39,00:05:41,0.953,Noise
00:05:42,00:05:44,0.789,Noise
00:05:45,00:05:47,0.859,Noise
00:05:48,00:05:50,0.957,Noise
00:05:51,00:05:53,0.918,Noise
00:05:54,00:05:56,0.859,Noise
00:05:57,00:05:59,0.008,Noise
00:06:00,00:06:02,0,Noise
00:06:04,00:06:06,0.469,Noise
00:06:07,00:06:09,0.004,Noise
00:06:10,00:06:12,0.094,Noise
00:06:13,00:06:15,0.887,Noise
00:06:16,00:06:18,0.977,LNT
00:06:19,00:06:21,0.066,LNT
00:06:22,00:06:24,0.941,LNT
00:06:25,00:06:27,0.953,LNT
00:06:28,00:06:30,0.988,LNT
00:06:31,00:06:33,0.617,LNT
00:06:34,00:06:36,0.945,LNT
00:06:37,00:06:39,0.035,LNT
00:06:40,00:06:42,0.055,LNT
00:06:43,00:06:45,0.918,LNT
00:06:47,00:06:49,0.844,LNT
00:06:50,00:06:52,0.277,LNT
00:06:53,00:06:55,0.699,LNT
00:06:56,00:06:58,0.992,LNT
00:06:59,00:07:01,0.996,LNT
00:07:02,00:07:04,0.355,LNT
00:07:05,00:07:07,0.859,LNT
00:07:08,00:07:10,0.211,LNT
00:07:11,00:07:13,0.934,LNT
00:07:14,00:07:16,0.328,LNT
00:07:17,00:07:19,0.617,LNT
00:07:20,00:07:22,0.074,LNT
00:07:23,00:07:25,0.004,LNT
00:07:26,00:07:28,0.723,LNT
00:07:30,00:07:32,0.645,LNT
00:07:33,00:07:35,0.441,LNT
00:07:36,00:07:38,0.191,LNT
00:07:39,00:07:41,0.531,LNT
00:07:42,00:07:44,0.469,LNT
00:07:45,00:07:47,0.789,LNT
00:07:48,00:07:50,0.031,LNT
00:07:51,00:07:53,0.844,LNT
00:07:54,00:07:56,0.441,LNT
00:07:57,00:07:59,0.965,LNT
00:08:00,00:08:02,0.277,LNT
00:08:03,00:08:05,0.871,LNT
00:08:06,00:08:08,0.898,LNT
00:08:09,00:08:11,0.977,LNT
00:08:13,00:08:15,0.988,LNT
00:08:16,00:08:18,0.102,Noise
00:08:19,00:08:21,0.094,Noise
00:08:22,00:08:24,0.094,Noise
00:08:25,00:08:27,0.328,Noise
00:08:28,00:08:30,0.211,Noise
00:08:31,00:08:33,0.531,Noise
00:08:34,00:08:36,0.41,Noise
00:08:37,00:08:39,0.301,Noise
00:08:40,00:08:42,0.094,Noise
00:08:43,00:08:45,0.043,Noise
00:08:46,00:08:48,0.055,Noise
00:08:49,00:08:51,0.074,Noise
00:08:52,00:08:55,0.004,Noise
00:08:56,00:08:58,0.016,Noise
00:08:59,00:09:01,0.02,Noise
00:09:02,00:09:04,0.008,Noise
00:09:05,00:09:07,0.012,Noise
00:09:08,00:09:10,0.023,Noise
00:09:11,00:09:13,0.004,Noise
00:09:14,00:09:16,0.004,Noise
00:09:17,00:09:19,0.004,Noise
00:09:20,00:09:22,0.004,Noise
00:09:23,00:09:25,0.004,Noise
00:09:26,00:09:28,0.004,Noise
00:09:29,00:09:31,0.004,Noise
00:09:32,00:09:34,0.004,Noise
00:09:36,00:09:38,0.004,Noise
00:09:39,00:09:41,0.004,Noise
00:09:42,00:09:44,0.004,Noise
00:09:45,00:09:47,0.004,Noise
00:09:48,00:09:50,0.004,Noise
00:09:51,00:09:53,0.004,Noise
00:09:54,00:09:56,0.004,Noise
00:09:57,00:09:59,0.004,Noise
00:10:00,00:10:02,0.004,Noise
00:10:03,00:10:05,0.004,Noise
00:10:06,00:10:08,0.004,Noise
00:10:09,00:10:11,0.004,Noise
00:10:12,00:10:14,0.004,Noise
00:10:15,00:10:17,0.016,Noise
00:10:19,00:10:21,0.055,Noise
00:10:22,00:10:24,0.027,Noise
00:10:25,00:10:27,0.035,Noise
00:10:28,00:10:30,0.141,Noise
00:10:31,00:10:33,0.008,Noise
00:10:34,00:10:36,0.055,Noise
00:10:37,00:10:39,0.094,Noise
00:10:40,00:10:42,0.031,Noise
00:10:43,00:10:45,0.008,Noise
00:10:46,00:10:48,0.031,Noise
00:10:49,00:10:51,0.012,Noise
00:10:52,00:10:54,0.055,Noise
00:10:55,00:10:57,0.047,Noise
00:10:58,00:11:00,0.039,Noise
00:11:02,00:11:04,0.039,Noise
00:11:05,00:11:07,0.066,Noise
00:11:08,00:11:10,0.066,Noise
00:11:11,00:11:13,0.027,Noise
00:11:14,00:11:16,0.027,Noise
00:11:17,00:11:19,0.055,Noise
00:11:20,00:11:22,0.004,Noise
00:11:23,00:11:25,0.016,Noise
00:11:26,00:11:28,0.094,Noise
00:11:29,00:11:31,0.066,Noise
00:11:32,00:11:34,0.043,Noise
00:11:35,00:11:37,0.066,Noise
00:11:38,00:11:40,0.039,Noise
00:11:41,00:11:43,0.113,Noise
00:11:45,00:11:47,0.082,Noise
00:11:48,00:11:50,0.043,Noise
00:11:51,00:11:53,0.059,Noise
00:11:54,00:11:56,0.094,Noise
00:11:57,00:11:59,0.031,Noise
00:12:00,00:12:02,0.031,Noise
00:12:03,00:12:05,0.047,Noise
00:12:06,00:12:08,0.074,Noise
00:12:09,00:12:11,0.012,Noise
00:12:12,00:12:14,0.047,Noise
00:12:15,00:12:17,0.004,Noise
00:12:18,00:12:20,0.004,Noise
00:12:21,00:12:23,0.004,Noise
00:12:24,00:12:26,0.004,Noise
00:12:28,00:12:30,0.004,Noise
00:12:31,00:12:33,0.004,Noise
00:12:34,00:12:36,0.004,Noise
00:12:37,00:12:39,0.004,Noise
00:12:40,00:12:42,0.004,Noise
00:12:43,00:12:45,0.004,Noise
00:12:46,00:12:48,0.004,Noise
00:12:49,00:12:51,0.004,Noise
00:12:52,00:12:54,0.004,Noise
00:12:55,00:12:57,0.004,Noise
00:12:58,00:13:00,0.004,Noise
00:13:01,00:13:03,0.004,Noise
00:13:04,00:13:06,0.004,Noise
00:13:07,00:13:09,0.004,Noise
00:13:11,00:13:13,0.004,Noise
00:13:14,00:13:16,0.004,Noise
00:13:17,00:13:19,0.004,Noise
00:13:20,00:13:22,0.004,Noise
00:13:23,00:13:25,0.004,Noise
00:13:26,00:13:28,0.004,Noise
00:13:29,00:13:31,0.004,Noise
00:13:32,00:13:34,0.004,Noise
00:13:35,00:13:37,0.004,Noise
00:13:38,00:13:40,0.004,Noise
00:13:41,00:13:43,0.004,Noise
00:13:44,00:13:46,0.004,Noise
00:13:47,00:13:49,0.004,Noise
00:13:50,00:13:52,0.004,Noise
00:13:54,00:13:56,0.004,Noise
00:13:57,00:13:59,0.004,Noise
00:14:00,00:14:02,0.004,Noise
00:14:03,00:14:05,0.004,Noise
00:14:06,00:14:08,0.004,Noise
00:14:09,00:14:11,0.004,Noise
00:14:12,00:14:14,0.004,Noise
00:14:15,00:14:17,0.004,LNT
00:14:18,00:14:20,0.559,LNT
00:14:21,00:14:23,0.98,LNT
00:14:24,00:14:26,0,LNT
00:14:27,00:14:29,0.59,LNT
00:14:30,00:14:32,0.699,LNT
00:14:33,00:14:36,0.617,LNT
00:14:37,00:14:39,0.617,LNT
00:14:40,00:14:42,0.957,LNT
00:14:43,00:14:45,0.672,LNT
00:14:46,00:14:48,0.746,LNT
00:14:49,00:14:51,0.441,LNT
00:14:52,00:14:54,0.645,LNT
00:14:55,00:14:57,0.898,LNT
00:14:58,00:15:00,0.746,LNT
00:15:01,00:15:03,0.254,LNT
00:15:04,00:15:06,0.844,LNT
00:15:07,00:15:09,0.355,LNT
00:15:10,00:15:12,0.355,LNT
00:15:13,00:15:15,0.965,LNT
00:15:16,00:15:19,0.254,LNT
00:15:20,00:15:22,0.383,LNT
00:15:23,00:15:25,0.746,LNT
00:15:26,00:15:28,0.906,LNT
00:15:29,00:15:31,0.559,LNT
00:15:32,00:15:34,0.672,LNT
00:15:35,00:15:37,0.699,LNT
00:15:38,00:15:40,0.301,LNT
00:15:41,00:15:43,0.699,LNT
00:15:44,00:15:46,0.383,LNT
00:15:47,00:15:49,0.277,LNT
00:15:50,00:15:52,0.301,LNT
00:15:53,00:15:55,0.898,LNT
00:15:56,00:15:58,0.328,LNT
00:16:00,00:16:02,0.953,LNT
00:16:03,00:16:05,0.953,LNT
00:16:06,00:16:08,0.355,LNT
00:16:09,00:16:11,0.383,LNT
00:16:12,00:16:14,0.672,LNT
00:16:15,00:16:17,0.172,Noise
00:16:18,00:16:20,0.004,Noise
00:16:21,00:16:23,0.016,Noise
00:16:24,00:16:26,0.004,Noise
00:16:27,00:16:29,0.004,Noise
00:16:30,00:16:32,0.004,Noise
00:16:33,00:16:35,0.004,Noise
00:16:36,00:16:38,0.004,Noise
00:16:39,00:16:41,0.004,Noise
00:16:43,00:16:45,0.004,Noise
00:16:46,00:16:48,0.004,Noise
00:16:49,00:16:51,0.004,Noise
00:16:52,00:16:54,0.004,Noise
00:16:55,00:16:57,0.004,Noise
00:16:58,00:17:00,0.012,Noise
00:17:01,00:17:03,0.012,Noise
00:17:04,00:17:06,0.004,Noise
00:17:07,00:17:09,0.004,Noise
00:17:10,00:17:12,0.004,Noise
00:17:13,00:17:15,0.004,Noise
00:17:16,00:17:18,0.004,Noise
00:17:19,00:17:21,0.004,Noise
00:17:22,00:17:24,0.004,Noise
00:17:26,00:17:28,0.699,Noise
00:17:29,00:17:31,0.887,Noise
00:17:32,00:17:34,0.441,Noise
00:17:35,00:17:37,0.004,Noise
00:17:38,00:17:40,0.004,Noise
00:17:41,00:17:43,0.004,Noise
00:17:44,00:17:46,0.004,Noise
00:17:47,00:17:49,0.004,Noise
00:17:50,00:17:52,0.004,Noise
00:17:53,00:17:55,0.004,Noise
00:17:56,00:17:58,0.004,Noise
00:17:59,00:18:01,0.004,Noise
00:18:02,00:18:04,0.004,Noise
00:18:05,00:18:07,0.004,Noise
00:18:09,00:18:11,0.004,Noise
00:18:12,00:18:14,0.004,Noise
00:18:15,00:18:17,0.004,LNT
00:18:18,00:18:20,0.918,LNT
00:18:21,00:18:23,0.887,LNT
00:18:24,00:18:26,0.961,LNT
00:18:27,00:18:29,0.996,LNT
00:18:30,00:18:32,0.906,LNT
00:18:33,00:18:35,0.996,LNT
00:18:36,00:18:38,0.984,LNT
00:18:39,00:18:41,0.809,LNT
00:18:42,00:18:44,0.988,LNT
00:18:45,00:18:47,0.926,LNT
00:18:48,00:18:50,0.98,LNT
00:18:52,00:18:54,0.918,LNT
00:18:55,00:18:57,0.945,LNT
00:18:58,00:19:00,0.559,LNT
00:19:01,00:19:03,0.992,LNT
00:19:04,00:19:06,0.441,LNT
00:19:07,00:19:09,0.945,LNT
00:19:10,00:19:12,0.961,LNT
00:19:13,00:19:15,0.973,LNT
00:19:16,00:19:18,0.887,LNT
00:19:19,00:19:21,0.859,LNT
00:19:22,00:19:24,0.969,LNT
00:19:25,00:19:27,0.871,LNT
00:19:28,00:19:30,0,LNT
00:19:31,00:19:33,0.945,LNT
00:19:35,00:19:37,0.723,LNT
00:19:38,00:19:40,0.996,LNT
00:19:41,00:19:43,0.988,LNT
00:19:44,00:19:46,0.988,LNT
00:19:47,00:19:49,0.969,LNT
00:19:50,00:19:52,0.996,LNT
00:19:53,00:19:55,0.996,LNT
00:19:56,00:19:58,0.934,LNT
00:19:59,00:20:01,0.996,LNT
00:20:02,00:20:04,0.969,LNT
00:20:05,00:20:07,0.992,LNT
00:20:08,00:20:10,0.992,LNT
00:20:11,00:20:13,0.859,LNT
00:20:14,00:20:16,0.844,LNT
00:20:18,00:20:20,0.004,Noise
00:20:21,00:20:23,0.008,Noise
00:20:24,00:20:26,0.008,Noise
00:20:27,00:20:29,0.008,Noise
00:20:30,00:20:32,0.008,Noise
00:20:33,00:20:35,0.004,Noise
00:20:36,00:20:38,0.012,Noise
00:20:39,00:20:41,0.004,Noise
00:20:42,00:20:44,0.004,Noise
00:20:45,00:20:47,0.004,Noise
00:20:48,00:20:50,0.012,Noise
00:20:51,00:20:53,0.008,Noise
00:20:54,00:20:56,0.008,Noise
00:20:57,00:21:00,0.016,Noise
00:21:01,00:21:03,0.008,Noise
00:21:04,00:21:06,0.004,Noise
00:21:07,00:21:09,0.008,Noise
00:21:10,00:21:12,0.008,Noise
00:21:13,00:21:15,0.008,Noise
00:21:16,00:21:18,0.004,Noise
00:21:19,00:21:21,0.004,Noise
00:21:22,00:21:24,0.004,Noise
00:21:25,00:21:27,0.004,Noise
00:21:28,00:21:30,0.004,Noise
00:21:31,00:21:33,0.004,Noise
00:21:34,00:21:36,0.004,Noise
00:21:37,00:21:39,0.004,Noise
00:21:41,00:21:43,0.004,Noise
00:21:44,00:21:46,0.004,Noise
00:21:47,00:21:49,0.004,Noise
00:21:50,00:21:52,0.004,Noise
00:21:53,00:21:55,0.004,Noise
00:21:56,00:21:58,0.004,Noise
00:21:59,00:22:01,0.004,Noise
00:22:02,00:22:04,0.004,Noise
00:22:05,00:22:07,0.004,Noise
00:22:08,00:22:10,0.004,Noise
00:22:11,00:22:13,0.004,Noise
00:22:14,00:22:16,0.004,Noise
00:22:17,00:22:19,0.055,Noise
00:22:20,00:22:22,0.012,Noise
00:22:24,00:22:26,0.004,Noise
00:22:27,00:22:29,0.066,Noise
00:22:30,00:22:32,0.066,Noise
00:22:33,00:22:35,0.082,Noise
00:22:36,00:22:38,0.055,Noise
00:22:39,00:22:41,0.039,Noise
00:22:42,00:22:44,0.055,Noise
00:22:45,00:22:47,0.043,Noise
00:22:48,00:22:50,0.004,Noise
00:22:51,00:22:53,0.004,Noise
00:22:54,00:22:56,0.016,Noise
00:22:57,00:22:59,0.02,Noise
00:23:00,00:23:02,0.094,Noise
00:23:03,00:23:05,0.074,Noise
00:23:07,00:23:09,0.055,Noise
00:23:10,00:23:12,0.043,Noise
00:23:13,00:23:15,0.035,Noise
00:23:16,00:23:18,0.074,Noise
00:23:19,00:23:21,0.043,Noise
00:23:22,00:23:24,0.012,Noise
00:23:25,00:23:27,0.047,Noise
00:23:28,00:23:30,0.074,Noise
00:23:31,00:23:33,0.02,Noise
00:23:34,00:23:36,0.02,Noise
00:23:37,00:23:39,0.039,Noise
00:23:40,00:23:42,0.004,Noise
00:23:43,00:23:45,0.047,Noise
00:23:46,00:23:48,0.043,Noise
00:23:50,00:23:52,0.066,Noise
00:23:53,00:23:55,0.066,Noise
00:23:56,00:23:58,0.066,Noise
00:23:59,00:24:01,0.047,Noise
00:24:02,00:24:04,0.035,Noise
00:24:05,00:24:07,0.039,Noise
00:24:08,00:24:10,0.027,Noise
00:24:11,00:24:13,0.043,Noise
00:24:14,00:24:16,0.094,Noise
00:24:17,00:24:19,0.809,LNT
00:24:20,00:24:22,0.969,LNT
00:24:23,00:24:25,0.59,LNT
00:24:26,00:24:28,0.969,LNT
00:24:29,00:24:31,0.996,LNT
00:24:33,00:24:35,0.996,LNT
00:24:36,00:24:38,0.859,LNT
00:24:39,00:24:41,0.996,LNT
00:24:42,00:24:44,0.965,LNT
00:24:45,00:24:47,0.996,LNT
00:24:48,00:24:50,0.996,LNT
00:24:51,00:24:53,0.988,LNT
00:24:54,00:24:56,0.969,LNT
00:24:57,00:24:59,0.988,LNT
00:25:00,00:25:02,0.996,LNT
00:25:03,00:25:05,0.977,LNT
00:25:06,00:25:08,0.984,LNT
00:25:09,00:25:11,0.98,LNT
00:25:12,00:25:14,0.992,LNT
00:25:16,00:25:18,0.871,LNT
00:25:19,00:25:21,0.027,LNT
00:25:22,00:25:24,0.441,LNT
00:25:25,00:25:27,0.004,LNT
00:25:28,00:25:30,0.059,LNT
00:25:31,00:25:33,0.094,LNT
00:25:34,00:25:36,0.699,LNT
00:25:37,00:25:39,0.008,LNT
00:25:40,00:25:42,0.027,LNT
00:25:43,00:25:45,0.355,LNT
00:25:46,00:25:48,0.016,LNT
00:25:49,00:25:51,0.066,LNT
00:25:52,00:25:54,0.469,LNT
00:25:55,00:25:57,0.77,LNT
00:25:59,00:26:01,0.969,LNT
00:26:02,00:26:04,0.004,LNT
00:26:05,00:26:07,0.016,LNT
00:26:08,00:26:10,0.043,LNT
00:26:11,00:26:13,0.004,LNT
00:26:14,00:26:16,0.211,LNT
00:26:17,00:26:19,0.973,MNT
00:26:20,00:26:22,0.984,MNT
00:26:23,00:26:25,0.965,MNT
00:26:26,00:26:28,0.887,MNT
00:26:29,00:26:31,0.961,MNT
00:26:32,00:26:34,0.988,MNT
00:26:35,00:26:37,0.965,MNT
00:26:38,00:26:40,0.988,MNT
00:26:42,00:26:44,0.844,MNT
00:26:45,00:26:47,0.996,MNT
00:26:48,00:26:50,0.961,MNT
00:26:51,00:26:53,0.977,MNT
00:26:54,00:26:56,0.945,MNT
00:26:57,00:26:59,0.984,MNT
00:27:00,00:27:02,0.898,MNT
00:27:03,00:27:05,0.746,MNT
00:27:06,00:27:08,0.973,MNT
00:27:09,00:27:11,0.996,MNT
00:27:12,00:27:14,0.973,MNT
00:27:15,00:27:17,0.965,MNT
00:27:18,00:27:20,0.887,MNT
00:27:21,00:27:24,0.918,MNT
00:27:25,00:27:27,0.844,MNT
00:27:28,00:27:30,0.965,MNT
00:27:31,00:27:33,0.887,MNT
00:27:34,00:27:36,0.992,MNT
00:27:37,00:27:39,0.41,MNT
00:27:40,00:27:42,0.898,MNT
00:27:43,00:27:45,0.723,MNT
00:27:46,00:27:48,0.77,MNT
00:27:49,00:27:51,0.973,MNT
00:27:52,00:27:54,0.789,MNT
00:27:55,00:27:57,0.934,MNT
00:27:58,00:28:00,0.957,MNT
00:28:01,00:28:03,0.77,MNT
00:28:05,00:28:07,0.926,MNT
00:28:08,00:28:10,0.984,MNT
00:28:11,00:28:13,0.926,MNT
00:28:14,00:28:16,0.859,MNT
00:28:17,00:28:19,0.469,MNT
00:28:20,00:28:22,0.469,MNT
00:28:23,00:28:25,0.672,MNT
00:28:26,00:28:28,0,MNT
00:28:29,00:28:31,0.871,MNT
00:28:32,00:28:34,0.559,MNT
00:28:35,00:28:37,0.531,MNT
00:28:38,00:28:40,0.191,MNT
00:28:41,00:28:43,0.957,MNT
00:28:44,00:28:46,0.746,MNT
00:28:48,00:28:50,0.934,MNT
00:28:51,00:28:53,0.906,MNT
00:28:54,00:28:56,0.469,MNT
00:28:57,00:28:59,0.723,MNT
00:29:00,00:29:02,0.441,MNT
00:29:03,00:29:05,0.301,MNT
00:29:06,00:29:08,0.887,MNT
00:29:09,00:29:11,0.383,MNT
00:29:12,00:29:14,0.953,MNT
00:29:15,00:29:17,0.926,MNT
00:29:18,00:29:20,0.301,MNT
00:29:21,00:29:23,0.441,MNT
00:29:24,00:29:26,0.211,MNT
00:29:27,00:29:29,0.254,MNT
00:29:31,00:29:33,0.844,MNT
00:29:34,00:29:36,0.617,MNT
00:29:37,00:29:39,0,MNT
00:29:40,00:29:42,0.172,MNT
00:29:43,00:29:45,0.301,MNT
00:29:46,00:29:48,0.301,MNT
00:29:49,00:29:51,0.59,MNT
00:29:52,00:29:54,0.617,MNT
00:29:55,00:29:57,0.441,MNT
00:29:58,00:30:00,0.469,MNT
00:30:01,00:30:03,0.559,MNT
00:30:04,00:30:06,0.211,MNT
00:30:07,00:30:09,0.898,MNT
00:30:10,00:30:12,0.859,MNT
00:30:14,00:30:16,0.441,MNT
00:30:17,00:30:19,0.004,Noise
00:30:20,00:30:22,0.004,Noise
00:30:23,00:30:25,0.023,Noise
00:30:26,00:30:28,0.004,Noise
00:30:29,00:30:31,0.016,Noise
00:30:32,00:30:34,0.016,Noise
00:30:35,00:30:37,0.012,Noise
00:30:38,00:30:40,0.012,Noise
00:30:41,00:30:43,0.008,Noise
00:30:44,00:30:46,0.008,Noise
00:30:47,00:30:49,0.004,Noise
00:30:50,00:30:52,0.004,Noise
00:30:53,00:30:55,0.355,Noise
00:30:57,00:30:59,0.355,Noise
00:31:00,00:31:02,0.441,Noise
00:31:03,00:31:05,0.008,Noise
00:31:06,00:31:08,0.004,Noise
00:31:09,00:31:11,0.004,Noise
00:31:12,00:31:14,0.016,Noise
00:31:15,00:31:17,0.012,Noise
00:31:18,00:31:20,0.016,Noise
00:31:21,00:31:23,0.02,Noise
00:31:24,00:31:26,0.004,Noise
00:31:27,00:31:29,0.004,Noise
00:31:30,00:31:32,0.004,Noise
00:31:33,00:31:35,0.004,Noise
00:31:36,00:31:38,0.004,Noise
00:31:40,00:31:42,0.012,Noise
00:31:43,00:31:45,0.277,Noise
00:31:46,00:31:48,0.035,Noise
00:31:49,00:31:51,0.211,Noise
00:31:52,00:31:54,0,Noise
00:31:55,00:31:57,0.746,Noise
00:31:58,00:32:00,0.844,Noise
00:32:01,00:32:03,0.531,Noise
00:32:04,00:32:06,0.809,Noise
00:32:07,00:32:09,0.699,Noise
00:32:10,00:32:12,0.699,Noise
00:32:13,00:32:15,0.074,Noise
00:32:16,00:32:18,0.277,Noise
00:32:19,00:32:21,0.074,Noise
00:32:23,00:32:25,0.191,Noise
00:32:26,00:32:28,0.211,Noise
00:32:29,00:32:31,0.211,Noise
00:32:32,00:32:34,0.004,Noise
00:32:35,00:32:37,0.047,Noise
00:32:38,00:32:40,0.004,Noise
00:32:41,00:32:43,0.012,Noise
00:32:44,00:32:46,0.004,Noise
00:32:47,00:32:49,0.008,Noise
00:32:50,00:32:52,0.008,Noise
00:32:53,00:32:55,0.859,Noise
00:32:56,00:32:58,0.047,Noise
00:32:59,00:33:01,0.004,Noise
00:33:02,00:33:04,0.277,Noise
00:33:06,00:33:08,0.699,Noise
00:33:09,00:33:11,0.129,Noise
00:33:12,00:33:14,0.012,Noise
00:33:15,00:33:17,0.23,Noise
00:33:18,00:33:20,0.844,Noise
00:33:21,00:33:23,0.012,Noise
00:33:24,00:33:26,0.004,Noise
00:33:27,00:33:29,0.027,Noise
00:33:30,00:33:32,0.004,Noise
00:33:33,00:33:35,0.004,Noise
00:33:36,00:33:38,0.355,Noise
00:33:39,00:33:41,0.004,Noise
00:33:42,00:33:44,0.004,Noise
00:33:45,00:33:48,0.012,Noise
00:33:49,00:33:51,0.043,Noise
00:33:52,00:33:54,0.02,Noise
00:33:55,00:33:57,0.355,Noise
00:33:58,00:34:00,0.059,Noise
00:34:01,00:34:03,0.012,Noise
00:34:04,00:34:06,0.047,Noise
00:34:07,00:34:09,0.699,Noise
00:34:10,00:34:12,0.066,Noise
00:34:13,00:34:15,0.074,Noise
00:34:16,00:34:18,0.02,LNT
00:34:19,00:34:21,0.129,LNT
00:34:22,00:34:24,0.004,LNT
00:34:25,00:34:27,0.012,LNT
00:34:29,00:34:31,0.004,LNT
00:34:32,00:34:34,0.004,LNT
00:34:35,00:34:37,0.113,LNT
00:34:38,00:34:40,0.043,LNT
00:34:41,00:34:43,0.004,LNT
00:34:44,00:34:46,0.004,LNT
00:34:47,00:34:49,0.004,LNT
00:34:50,00:34:52,0.004,LNT
00:34:53,00:34:55,0.047,LNT
00:34:56,00:34:58,0.004,LNT
00:34:59,00:35:01,0.004,LNT
00:35:02,00:35:04,0.012,LNT
00:35:05,00:35:07,0.008,LNT
00:35:08,00:35:10,0.004,LNT
00:35:12,00:35:14,0.004,LNT
00:35:15,00:35:17,0.113,LNT
00:35:18,00:35:20,0.98,LNT
00:35:21,00:35:23,0.871,LNT
00:35:24,00:35:26,0.996,LNT
00:35:27,00:35:29,0.984,LNT
00:35:30,00:35:32,0.996,LNT
00:35:33,00:35:35,0.871,LNT
00:35:36,00:35:38,0.934,LNT
00:35:39,00:35:41,0.988,LNT
00:35:42,00:35:44,0.957,LNT
00:35:45,00:35:47,0.918,LNT
00:35:48,00:35:50,0.953,LNT
00:35:51,00:35:53,0.996,LNT
00:35:55,00:35:57,0.996,LNT
00:35:58,00:36:00,0.996,LNT
00:36:01,00:36:03,0.969,LNT
00:36:04,00:36:06,0.996,LNT
00:36:07,00:36:09,0.926,LNT
00:36:10,00:36:12,0.996,LNT
00:36:13,00:36:15,0.844,LNT
00:36:16,00:36:18,0.008,Noise
00:36:19,00:36:21,0.004,Noise
00:36:22,00:36:24,0.004,Noise
00:36:25,00:36:27,0.016,Noise
00:36:28,00:36:30,0.008,Noise
00:36:31,00:36:33,0.004,Noise
00:36:34,00:36:36,0.008,Noise
00:36:38,00:36:40,0.008,Noise
00:36:41,00:36:43,0.004,Noise
00:36:44,00:36:46,0.004,Noise
00:36:47,00:36:49,0.004,Noise
00:36:50,00:36:52,0.004,Noise
00:36:53,00:36:55,0.004,Noise
00:36:56,00:36:58,0.004,Noise
00:36:59,00:37:01,0.004,Noise
00:37:02,00:37:04,0.004,Noise
00:37:05,00:37:07,0.004,Noise
00:37:08,00:37:10,0.004,Noise
00:37:11,00:37:13,0.004,Noise
00:37:14,00:37:16,0.004,Noise
00:37:17,00:37:19,0.004,Noise
00:37:21,00:37:23,0.008,Noise
00:37:24,00:37:26,0.004,Noise
00:37:27,00:37:29,0.004,Noise
00:37:30,00:37:32,0.02,Noise
00:37:33,00:37:35,0.008,Noise
00:37:36,00:37:38,0.008,Noise
00:37:39,00:37:41,0.004,Noise
00:37:42,00:37:44,0.016,Noise
00:37:45,00:37:47,0.02,Noise
00:37:48,00:37:50,0.004,Noise
00:37:51,00:37:53,0.012,Noise
00:37:54,00:37:56,0.004,Noise
00:37:57,00:37:59,0.016,Noise
00:38:00,00:38:02,0.004,Noise
00:38:04,00:38:06,0.004,Noise
00:38:07,00:38:09,0.016,Noise
00:38:10,00:38:12,0.012,Noise
00:38:13,00:38:15,0.043,Noise
00:38:16,00:38:18,0.004,Noise
00:38:19,00:38:21,0.082,Noise
00:38:22,00:38:24,0.77,Noise
00:38:25,00:38:27,0.887,Noise
00:38:28,00:38:30,0.047,Noise
00:38:31,00:38:33,0.41,Noise
00:38:34,00:38:36,0.355,Noise
00:38:37,00:38:39,0.328,Noise
00:38:40,00:38:42,0.59,Noise
00:38:43,00:38:45,0.617,Noise
00:38:47,00:38:49,0.617,Noise
00:38:50,00:38:52,0.004,Noise
00:38:53,00:38:55,0.004,Noise
00:38:56,00:38:58,0.02,Noise
00:38:59,00:39:01,0.156,Noise
00:39:02,00:39:04,0.41,Noise
00:39:05,00:39:07,0.211,Noise
00:39:08,00:39:10,0.301,Noise
00:39:11,00:39:13,0,Noise
00:39:14,00:39:16,0.23,Noise
00:39:17,00:39:19,0.043,Noise
00:39:20,00:39:22,0.031,Noise
00:39:23,00:39:25,0.02,Noise
00:39:26,00:39:29,0.031,Noise
00:39:30,00:39:32,0.023,Noise
00:39:33,00:39:35,0.016,Noise
00:39:36,00:39:38,0.055,Noise
00:39:39,00:39:41,0.016,Noise
00:39:42,00:39:44,0.023,Noise
00:39:45,00:39:47,0.016,Noise
00:39:48,00:39:50,0.008,Noise
00:39:51,00:39:53,0.027,Noise
00:39:54,00:39:56,0.027,Noise
00:39:57,00:39:59,0.059,Noise
00:40:00,00:40:02,0.027,Noise
00:40:03,00:40:05,0.023,Noise
00:40:06,00:40:08,0.129,Noise
00:40:10,00:40:12,0.027,Noise
00:40:13,00:40:15,0.035,Noise
00:40:16,00:40:18,0.871,MNT
00:40:19,00:40:21,0.984,MNT
00:40:22,00:40:24,0.926,MNT
00:40:25,00:40:27,0.941,MNT
00:40:28,00:40:30,0.953,MNT
00:40:31,00:40:33,0.906,MNT
00:40:34,00:40:36,0.977,MNT
00:40:37,00:40:39,0.992,MNT
00:40:40,00:40:42,0.746,MNT
00:40:43,00:40:45,0.898,MNT
00:40:46,00:40:48,0.906,MNT
00:40:49,00:40:51,0.98,MNT
00:40:53,00:40:55,0.98,MNT
00:40:56,00:40:58,0.996,MNT
00:40:59,00:41:01,0.977,MNT
00:41:02,00:41:04,0.977,MNT
00:41:05,00:41:07,0.988,MNT
00:41:08,00:41:10,0.809,MNT
00:41:11,00:41:13,0.98,MNT
00:41:14,00:41:16,0.992,MNT
00:41:17,00:41:19,0.973,MNT
00:41:20,00:41:22,0.984,MNT
00:41:23,00:41:25,0.992,MNT
00:41:26,00:41:28,0.965,MNT
00:41:29,00:41:31,0.988,MNT
00:41:32,00:41:34,0.961,MNT
00:41:36,00:41:38,0.957,MNT
00:41:39,00:41:41,0.887,MNT
00:41:42,00:41:44,0.996,MNT
00:41:45,00:41:47,0.996,MNT
00:41:48,00:41:50,0.953,MNT
00:41:51,00:41:53,0.988,MNT
00:41:54,00:41:56,0.973,MNT
00:41:57,00:41:59,0.871,MNT
00:42:00,00:42:02,0.859,MNT
00:42:03,00:42:05,0.992,MNT
00:42:06,00:42:08,0.898,MNT
00:42:09,00:42:11,0.98,MNT
00:42:12,00:42:14,0.965,MNT
00:42:15,00:42:17,0.941,MNT
00:42:19,00:42:21,0.828,MNT
00:42:22,00:42:24,0.41,MNT
00:42:25,00:42:27,0.789,MNT
00:42:28,00:42:30,0.996,MNT
00:42:31,00:42:33,0.996,MNT
00:42:34,00:42:36,0.918,MNT
00:42:37,00:42:39,0.945,MNT
00:42:40,00:42:42,0.789,MNT
00:42:43,00:42:45,0.965,MNT
00:42:46,00:42:48,0.988,MNT
00:42:49,00:42:51,0.859,MNT
00:42:52,00:42:54,0.941,MNT
00:42:55,00:42:57,0.59,MNT
00:42:58,00:43:00,0.98,MNT
00:43:02,00:43:04,0.906,MNT
00:43:05,00:43:07,0.961,MNT
00:43:08,00:43:10,0.809,MNT
00:43:11,00:43:13,0.699,MNT
00:43:14,00:43:16,0.699,MNT
00:43:17,00:43:19,0.992,MNT
00:43:20,00:43:22,0.699,MNT
00:43:23,00:43:25,0.844,MNT
00:43:26,00:43:28,0.828,MNT
00:43:29,00:43:31,0.996,MNT
00:43:32,00:43:34,0.887,MNT
00:43:35,00:43:37,0.992,MNT
00:43:38,00:43:40,0.969,MNT
00:43:41,00:43:43,0.918,MNT
00:43:45,00:43:47,0.953,MNT
00:43:48,00:43:50,0.941,MNT
00:43:51,00:43:53,0.961,MNT
00:43:54,00:43:56,0.98,MNT
00:43:57,00:43:59,0.98,MNT
00:44:00,00:44:02,0.961,MNT
00:44:03,00:44:05,0.746,MNT
00:44:06,00:44:08,0,MNT
00:44:09,00:44:11,0.723,MNT
00:44:12,00:44:14,0.871,MNT
00:44:15,00:44:17,0.074,Noise
00:44:18,00:44:20,0.004,Noise
00:44:21,00:44:23,0.004,Noise
00:44:24,00:44:26,0.004,Noise
00:44:28,00:44:30,0.004,Noise
00:44:31,00:44:33,0.004,Noise
00:44:34,00:44:36,0.004,Noise
00:44:37,00:44:39,0.004,Noise
00:44:40,00:44:42,0.004,Noise
00:44:43,00:44:45,0.004,Noise
00:44:46,00:44:48,0.004,Noise
00:44:49,00:44:51,0.004,Noise
00:44:52,00:44:54,0.004,Noise
00:44:55,00:44:57,0.004,Noise
00:44:58,00:45:00,0.004,Noise
00:45:01,00:45:03,0.004,Noise
00:45:04,00:45:06,0.004,Noise
00:45:07,00:45:10,0.004,Noise
00:45:11,00:45:13,0.004,Noise
00:45:14,00:45:16,0.004,Noise
00:45:17,00:45:19,0.004,Noise
00:45:20,00:45:22,0.004,Noise
00:45:23,00:45:25,0.004,Noise
00:45:26,00:45:28,0.004,Noise
00:45:29,00:45:31,0.004,Noise
00:45:32,00:45:34,0.004,Noise
00:45:35,00:45:37,0.008,Noise
00:45:38,00:45:40,0.004,Noise
00:45:41,00:45:43,0.004,Noise
00:45:44,00:45:46,0.004,Noise
00:45:47,00:45:49,0.004,Noise
00:45:50,00:45:53,0.004,Noise
00:45:54,00:45:56,0.004,Noise
00:45:57,00:45:59,0.004,Noise
00:46:00,00:46:02,0.004,Noise
00:46:03,00:46:05,0.004,Noise
00:46:06,00:46:08,0.004,Noise
00:46:09,00:46:11,0.004,Noise
00:46:12,00:46:14,0.004,Noise
00:46:15,00:46:17,0.156,ENT
00:46:18,00:46:20,0.047,ENT
00:46:21,00:46:23,0.004,ENT
00:46:24,00:46:26,0.23,ENT
00:46:27,00:46:29,0.723,ENT
00:46:30,00:46:32,0.301,ENT
00:46:34,00:46:36,0.645,ENT
00:46:37,00:46:39,0.059,ENT
00:46:40,00:46:42,0,ENT
00:46:43,00:46:45,0.254,ENT
00:46:46,00:46:48,0.23,ENT
00:46:49,00:46:51,0.082,ENT
00:46:52,00:46:54,0,ENT
00:46:55,00:46:57,0.301,ENT
00:46:58,00:47:00,0.102,ENT
00:47:01,00:47:03,0.074,ENT
00:47:04,00:47:06,0.355,ENT
00:47:07,00:47:09,0.441,ENT
00:47:10,00:47:12,0.469,ENT
00:47:13,00:47:15,0.355,ENT
00:47:17,00:47:19,0.746,ENT
00:47:20,00:47:22,0.156,ENT
00:47:23,00:47:25,0.043,ENT
00:47:26,00:47:28,0.082,ENT
00:47:29,00:47:31,0.301,ENT
00:47:32,00:47:34,0.469,ENT
00:47:35,00:47:37,0.746,ENT
00:47:38,00:47:40,0.004,ENT
00:47:41,00:47:43,0.113,ENT
00:47:44,00:47:46,0.191,ENT
00:47:47,00:47:49,0.645,ENT
00:47:50,00:47:52,0.559,ENT
00:47:53,00:47:55,0.469,ENT
00:47:56,00:47:58,0.469,ENT
00:48:00,00:48:02,0,ENT
00:48:03,00:48:05,0.172,ENT
00:48:06,00:48:08,0.301,ENT
00:48:09,00:48:11,0.383,ENT
00:48:12,00:48:14,0.672,ENT
00:48:15,00:48:17,0.254,ENT
00:48:18,00:48:20,0.441,ENT
00:48:21,00:48:23,0.039,ENT
00:48:24,00:48:26,0.035,ENT
00:48:27,00:48:29,0.035,ENT
00:48:30,00:48:32,0.77,ENT
00:48:33,00:48:35,0.156,ENT
00:48:36,00:48:38,0.469,ENT
00:48:39,00:48:41,0.039,ENT
00:48:43,00:48:45,0.023,ENT
00:48:46,00:48:48,0.016,ENT
00:48:49,00:48:51,0.008,ENT
00:48:52,00:48:54,0.074,ENT
00:48:55,00:48:57,0.141,ENT
00:48:58,00:49:00,0.191,ENT
00:49:01,00:49:03,0.066,ENT
00:49:04,00:49:06,0.027,ENT
00:49:07,00:49:09,0.039,ENT
00:49:10,00:49:12,0.141,ENT
00:49:13,00:49:15,0.102,ENT
00:49:16,00:49:18,0.094,ENT
00:49:19,00:49:21,0.074,ENT
00:49:22,00:49:24,0.047,ENT
00:49:26,00:49:28,0.082,ENT
00:49:29,00:49:31,0.082,ENT
00:49:32,00:49:34,0.23,ENT
00:49:35,00:49:37,0.102,ENT
00:49:38,00:49:40,0.113,ENT
00:49:41,00:49:43,0.059,ENT
00:49:44,00:49:46,0.156,ENT
00:49:47,00:49:49,0.02,ENT
00:49:50,00:49:52,0.469,ENT
00:49:53,00:49:55,0.043,ENT
00:49:56,00:49:58,0.211,ENT
00:49:59,00:50:01,0.113,ENT
00:50:02,00:50:04,0.016,ENT
00:50:05,00:50:07,0.016,ENT
00:50:09,00:50:11,0.074,ENT
00:50:12,00:50:14,0.082,ENT
00:50:15,00:50:17,0.016,Noise
00:50:18,00:50:20,0.012,Noise
00:50:21,00:50:23,0.004,Noise
00:50:24,00:50:26,0.008,Noise
00:50:27,00:50:29,0.008,Noise
00:50:30,00:50:32,0.012,Noise
00:50:33,00:50:35,0.004,Noise
00:50:36,00:50:38,0.008,Noise
00:50:39,00:50:41,0.008,Noise
00:50:42,00:50:44,0.004,Noise
00:50:45,00:50:47,0.004,Noise
00:50:48,00:50:50,0.004,Noise
00:50:52,00:50:54,0.004,Noise
00:50:55,00:50:57,0.004,Noise
00:50:58,00:51:00,0.004,Noise
00:51:01,00:51:03,0.004,Noise
00:51:04,00:51:06,0.004,Noise
00:51:07,00:51:09,0.004,Noise
00:51:10,00:51:12,0.004,Noise
00:51:13,00:51:15,0.004,Noise
00:51:16,00:51:18,0.277,Noise
00:51:19,00:51:21,0.031,Noise
00:51:22,00:51:24,0.082,Noise
00:51:25,00:51:27,0.066,Noise
00:51:28,00:51:30,0.039,Noise
00:51:31,00:51:34,0.043,Noise
00:51:35,00:51:37,0.113,Noise
00:51:38,00:51:40,0.031,Noise
00:51:41,00:51:43,0.043,Noise
00:51:44,00:51:46,0.023,Noise
00:51:47,00:51:49,0.023,Noise
00:51:50,00:51:52,0.008,Noise
00:51:53,00:51:55,0.004,Noise
00:51:56,00:51:58,0.023,Noise
00:51:59,00:52:01,0.012,Noise
00:52:02,00:52:04,0.141,Noise
00:52:05,00:52:07,0.23,Noise
00:52:08,00:52:10,0.066,Noise
00:52:11,00:52:13,0.41,Noise
00:52:15,00:52:17,0.141,Noise
00:52:18,00:52:20,0.277,Noise
00:52:21,00:52:23,0.004,Noise
00:52:24,00:52:26,0.129,Noise
00:52:27,00:52:29,0.789,Noise
00:52:30,00:52:32,0.301,Noise
00:52:33,00:52:35,0.254,Noise
00:52:36,00:52:38,0.172,Noise
00:52:39,00:52:41,0.113,Noise
00:52:42,00:52:44,0.129,Noise
00:52:45,00:52:47,0.082,Noise
00:52:48,00:52:50,0.047,Noise
00:52:51,00:52:53,0.211,Noise
00:52:54,00:52:56,0.59,Noise
00:52:58,00:53:00,0.789,Noise
00:53:01,00:53:03,0.992,Noise
00:53:04,00:53:06,0.887,Noise
00:53:07,00:53:09,0.746,Noise
00:53:10,00:53:12,0.617,Noise
00:53:13,00:53:15,0.898,Noise
00:53:16,00:53:18,0.02,Noise
00:53:19,00:53:21,0.031,Noise
00:53:22,00:53:24,0.035,Noise
00:53:25,00:53:27,0.02,Noise
00:53:28,00:53:30,0.016,Noise
00:53:31,00:53:33,0.02,Noise
00:53:34,00:53:36,0.027,Noise
00:53:37,00:53:39,0.035,Noise
00:53:41,00:53:43,0.094,Noise
00:53:44,00:53:46,0.055,Noise
00:53:47,00:53:49,0.066,Noise
00:53:50,00:53:52,0.035,Noise
00:53:53,00:53:55,0.027,Noise
00:53:56,00:53:58,0.047,Noise
00:53:59,00:54:01,0.074,Noise
00:54:02,00:54:04,0.035,Noise
00:54:05,00:54:07,0.027,Noise
00:54:08,00:54:10,0.031,Noise
00:54:11,00:54:13,0.027,Noise
00:54:14,00:54:16,0.102,Noise
00:54:17,00:54:19,0.992,ENT
00:54:20,00:54:22,0.996,ENT
00:54:24,00:54:26,0.996,ENT
00:54:27,00:54:29,0.996,ENT
00:54:30,00:54:32,0.996,ENT
00:54:33,00:54:35,0.996,ENT
00:54:36,00:54:38,0.992,ENT
00:54:39,00:54:41,0.992,ENT
00:54:42,00:54:44,0.996,ENT
00:54:45,00:54:47,0.996,ENT
00:54:48,00:54:50,0.992,ENT
00:54:51,00:54:53,0.996,ENT
00:54:54,00:54:56,0.992,ENT
00:54:57,00:54:59,0.992,ENT
00:55:00,00:55:02,0.973,ENT
00:55:03,00:55:05,0.996,ENT
00:55:07,00:55:09,0.98,ENT
00:55:10,00:55:12,0.965,ENT
00:55:13,00:55:15,0.996,ENT
00:55:16,00:55:18,0.988,ENT
00:55:19,00:55:21,0.996,ENT
00:55:22,00:55:24,0.992,ENT
00:55:25,00:55:27,0.809,ENT
00:55:28,00:55:30,0.996,ENT
00:55:31,00:55:33,0.988,ENT
00:55:34,00:55:36,0.984,ENT
00:55:37,00:55:39,0.996,ENT
00:55:40,00:55:42,0.996,ENT
00:55:43,00:55:45,0.996,ENT
00:55:46,00:55:48,0.996,ENT
00:55:50,00:55:52,0.996,ENT
00:55:53,00:55:55,0.996,ENT
00:55:56,00:55:58,0.992,ENT
00:55:59,00:56:01,0.996,ENT
00:56:02,00:56:04,0.996,ENT
00:56:05,00:56:07,0.996,ENT
00:56:08,00:56:10,0.992,ENT
00:56:11,00:56:13,0.996,ENT
00:56:14,00:56:16,0.996,ENT
00:56:17,00:56:19,0.746,ENT
00:56:20,00:56:22,0.699,ENT
00:56:23,00:56:25,0.672,ENT
00:56:26,00:56:28,0.828,ENT
00:56:29,00:56:31,0.645,ENT
00:56:33,00:56:35,0.723,ENT
00:56:36,00:56:38,0.746,ENT
00:56:39,00:56:41,0.859,ENT
00:56:42,00:56:44,0.723,ENT
00:56:45,00:56:47,0.945,ENT
00:56:48,00:56:50,0.945,ENT
00:56:51,00:56:53,0.969,ENT
00:56:54,00:56:56,0.957,ENT
00:56:57,00:56:59,0.953,ENT
00:57:00,00:57:02,0.988,ENT
00:57:03,00:57:05,0.961,ENT
00:57:06,00:57:08,0.996,ENT
00:57:09,00:57:11,0.973,ENT
00:57:12,00:57:14,0.973,ENT
00:57:16,00:57:18,0.977,ENT
00:57:19,00:57:21,0.898,ENT
00:57:22,00:57:24,0.859,ENT
00:57:25,00:57:27,0.699,ENT
00:57:28,00:57:30,0.945,ENT
00:57:31,00:57:33,0.957,ENT
00:57:34,00:57:36,0.953,ENT
00:57:37,00:57:39,0.945,ENT
00:57:40,00:57:42,0.941,ENT
00:57:43,00:57:45,0.934,ENT
00:57:46,00:57:48,0.871,ENT
00:57:49,00:57:51,0.934,ENT
00:57:52,00:57:54,0.859,ENT
00:57:56,00:57:58,0,ENT
00:57:59,00:58:01,0,ENT
00:58:02,00:58:04,0.789,ENT
00:58:05,00:58:07,0.531,ENT
00:58:08,00:58:10,0.906,ENT
00:58:11,00:58:13,0.809,ENT
00:58:14,00:58:16,0.59,ENT
00:58:17,00:58:19,0.859,LNT
00:58:20,00:58:22,0.934,LNT
00:58:23,00:58:25,0.984,LNT
00:58:26,00:58:28,0.871,LNT
00:58:29,00:58:31,0.965,LNT
00:58:32,00:58:34,0.906,LNT
00:58:35,00:58:37,0.898,LNT
00:58:39,00:58:41,0.844,LNT
00:58:42,00:58:44,0.977,LNT
00:58:45,00:58:47,0.996,LNT
00:58:48,00:58:50,0.746,LNT
00:58:51,00:58:53,0.672,LNT
00:58:54,00:58:56,0.996,LNT
00:58:57,00:58:59,0.871,LNT
00:59:00,00:59:02,0.887,LNT
00:59:03,00:59:05,0.973,LNT
00:59:06,00:59:08,0.898,LNT
00:59:09,00:59:11,0.859,LNT
00:59:12,00:59:14,0.77,LNT
00:59:15,00:59:17,0.859,LNT
00:59:18,00:59:20,0.926,LNT
00:59:22,00:59:24,0.617,LNT
00:59:25,00:59:27,0.672,LNT
00:59:28,00:59:30,0.945,LNT
00:59:31,00:59:33,0.699,LNT
00:59:34,00:59:36,0.77,LNT
00:59:37,00:59:39,0.871,LNT
00:59:40,00:59:42,0.996,LNT
00:59:43,00:59:45,0.945,LNT
00:59:46,00:59:48,0.844,LNT
00:59:49,00:59:51,0.355,LNT
00:59:52,00:59:54,0.906,LNT
00:59:55,00:59:57,0.887,LNT
